{"cameraMode":{"drawMode":0,"name":"Shaded","section":"Shading Mode"},"sceneLighting":true,"audioPlay":false,"sceneViewState":{"showFog":true,"showMaterialUpdate":false,"showSkybox":true,"showFlares":true,"showImageEffects":true,"showParticleSystems":true},"in2DMode":false,"pivot":{"x":16.0,"y":2.9551682472229006,"z":1.999997615814209},"rotation":{"x":0.08543506264686585,"y":-0.16157448291778565,"z":-0.014043786562979222,"w":-0.9830551147460938},"size":8.766155242919922,"orthographic":false}