{"cameraMode":{"drawMode":0,"name":"Shaded","section":"Shading Mode"},"sceneLighting":true,"audioPlay":false,"sceneViewState":{"showFog":true,"showMaterialUpdate":false,"showSkybox":true,"showFlares":true,"showImageEffects":true,"showParticleSystems":true},"in2DMode":false,"pivot":{"x":-0.9062442779541016,"y":0.693204402923584,"z":-0.16875958442687989},"rotation":{"x":0.0375407449901104,"y":-0.9624440670013428,"z":0.19369393587112428,"w":0.18647997081279756},"size":6.552802085876465,"orthographic":true}